Real value,Linear Regression,KNeighbors Regressor,DecisionTreeRegressor,Random Forest,XGBRegressor,Gradient Boosting Regressor,Ada Boost Regressor,Support Vector Regressor
0.77,0.6803586549999414,0.784,0.67,0.7316000000000004,0.7154043316841125,0.8288909312321353,0.7405839416058397,0.816407865781182
0.74,0.5710275295897572,0.742,0.75,0.6970999999999998,0.7356393337249756,0.7671849511697556,0.6598697916666675,0.6536666216948639
0.01,0.21653173075538049,0.018,0.02,0.014900000000000009,0.018844306468963623,0.04227793955079436,0.1933740831295843,0.10315747771598235
0.02,-8.077649811472076e-05,0.012,0.01,0.01154190476190477,0.011452395468950272,-0.013614503546545436,0.17524861878453046,-0.08774775354804226
0.91,0.4274778973583717,0.566,0.48,0.47759999999999975,0.7374287247657776,0.6217512908284165,0.5829847494553375,0.5333668850459512
0.95,0.996591604054089,0.9139999999999999,0.97,0.9466000000000004,0.9565021395683289,0.829840314700185,0.6437662337662335,0.9333578077950753
0.82,0.6594350942670724,0.9,0.89,0.8684999999999999,0.8119869828224182,0.8785818713770872,0.7300387596899226,0.9073246977470588
0.53,0.4725833577092186,0.33,0.53,0.4965000000000004,0.5861075520515442,0.5227795651745349,0.5888442211055277,0.5419127781777939
0.0,0.37241045471969925,0.378,0.0,0.0,-0.011682016775012016,0.05224372956442575,0.1788617886178862,0.4206817270000085
0.52,0.4759624899155869,0.5319999999999999,0.49,0.5277000000000004,0.5150534510612488,0.5451362650108881,0.5939664218258118,0.4750680389401156
0.44,0.44971106018954765,0.524,0.3,0.6095000000000003,0.5127552151679993,0.6262321447325521,0.6089983844911149,0.561952376488764
0.17,0.23598304329618122,0.12,0.15,0.14580000000000015,0.15949836373329163,0.14971853347201539,0.21197802197802196,0.1299358259120142
0.95,0.7007373799478384,0.944,0.98,0.962400000000001,0.9575352668762207,0.8683528614529564,0.658368794326241,0.9614620796760112
0.12,0.3915167932597001,0.084,0.11,0.13080000000000008,0.13984966278076172,0.16934101119487688,0.21090566037735847,0.21582159781128968
0.55,0.6162190172925381,0.548,0.27,0.5449999999999995,0.5237667560577393,0.6360008977876426,0.6199026763990253,0.5310197177719209
0.7,0.7606728838073176,0.754,0.83,0.7837499999999991,0.7082358002662659,0.7497122108339073,0.6773285198555948,0.771655852442073
0.77,0.6224106091359765,0.688,0.74,0.7263000000000001,0.7391657829284668,0.6946095900637527,0.6437662337662335,0.6782193810321274
0.48,0.38099263735635014,0.398,0.44,0.4443,0.45220473408699036,0.44672344257924473,0.5325263157894736,0.3928791676646415
0.56,0.6699727567469352,0.5640000000000001,0.57,0.5752999999999997,0.5619535446166992,0.6499059858628259,0.7159084604715684,0.6166341216424038
0.04,-0.09779420352911583,0.026000000000000002,0.05,0.057999999999999954,0.07117623835802078,0.07856275410254249,0.20029126213592238,0.051934781165591026
0.37,0.45178264157076425,0.388,0.4,0.3947999999999997,0.38120800256729126,0.5253641801900583,0.589856630824375,0.49871075637478646
0.02,-0.13287676132356108,0.022,0.02,0.021300000000000013,0.01812487281858921,0.013839501899063024,0.19186274509803916,-0.06944609021645137
0.0,0.5116635164911204,0.384,0.0,0.0002,-0.014180834405124187,0.030920264655655824,0.19979166666666656,0.44548890713156153
0.02,0.33049034848881964,0.076,0.04,0.04718666666666667,0.04527074098587036,0.2018667061642244,0.2659276018099548,0.21085251026439994
0.03,0.27990289233631915,0.02,0.03,0.03129999999999997,0.04605899006128311,0.11004228828556195,0.21197802197802196,0.029893640170948976
0.33,0.3231768502076871,0.302,0.36,0.36609999999999976,0.360149621963501,0.35738233502203354,0.47998041136141073,0.39040186216982664
0.86,0.5057794212443144,0.6519999999999999,0.7,0.6815000000000009,0.6975857019424438,0.5670962691118888,0.5939664218258118,0.6184270634466946
0.02,-0.11010303177173453,0.015999999999999997,0.02,0.019600000000000013,0.018144741654396057,-0.014383317363875556,0.17820945945945937,-0.07739064691328906
0.03,0.32362258969257207,0.192,0.03,0.03459999999999994,0.015474292449653149,0.07202108108077851,0.21579579579579589,0.0010818634634277569
0.24,0.28715048652406716,0.174,0.26,0.25889999999999996,0.23140573501586914,0.1322932426654129,0.24425149700598806,0.12475279057054739
0.2,0.39138924968212185,0.23399999999999999,0.25,0.2510000000000001,0.24245581030845642,0.2771819115206553,0.3767967145790554,0.2245087338007472
0.25,0.3397644497444111,0.18,0.26,0.39320000000000027,0.3363206386566162,0.4327584248552097,0.5424962178517395,0.2899190658077163
0.03,0.19123088089214912,0.034,0.07,0.10935023809523813,-0.0013757689157500863,0.20675080680024516,0.3059003831417621,0.07435658629264574
0.58,0.6372751638508994,0.6239999999999999,0.54,0.6414000000000002,0.538985013961792,0.6946095900637527,0.6437662337662335,0.6726054036849843
0.87,0.5827347881395673,0.8800000000000001,0.87,0.8840000000000003,0.8519207239151001,0.786449076875658,0.6906271777003476,0.7794936813768951
0.43,0.41959171142864693,0.33999999999999997,0.38,0.4158000000000004,0.4128377139568329,0.516299765239479,0.47998041136141073,0.34892802142931834
0.99,0.9308451498875481,0.938,0.98,0.9598000000000004,0.961470365524292,0.8994830586356225,0.8005737704918031,0.9046701916289865
0.14,0.2918394841490422,0.156,0.15,0.1522733333333335,0.14980442821979523,0.40375319843054475,0.45224137931034486,0.19673112412289323
0.0,0.34711010067252385,0.05,0.0,0.0011,0.0010238962713629007,0.02904169500129966,0.19979166666666656,0.197476813596841
0.04,0.25862706044818173,0.013999999999999999,0.01,0.010550000000000006,0.013438916765153408,0.07732463939171541,0.24894736842105297,0.10445780734774823
0.0,0.5698199628361844,0.316,0.0,0.0009,0.26499664783477783,0.024540451631420664,0.1788617886178862,0.38729600385256147
0.12,0.27150436640874026,0.11000000000000001,0.09,0.12860000000000016,0.1319102793931961,0.11999511813263773,0.21090566037735847,0.01784272925927094
0.55,0.6113323137057747,0.548,0.27,0.5388999999999995,0.5237667560577393,0.6360008977876426,0.6199026763990253,0.523052079739545
0.48,0.6064405743943831,0.32399999999999995,0.54,0.5176999999999997,0.52664715051651,0.4723971055559965,0.5447368421052632,0.44761766855540697
0.32,0.39966065191320976,0.516,0.65,0.4394999999999996,0.3968093991279602,0.3560679201767589,0.5412820512820512,0.26571272937302415
0.05,0.011341711864510107,0.046,0.05000000000000001,0.05199999999999992,0.058614932000637054,0.040524553749364915,0.21090566037735847,-0.005063610613103786
0.76,0.40361928572887995,0.404,0.48,0.4284999999999998,0.4791049361228943,0.5177837749545894,0.5500473933649288,0.4645685260859061
0.8,0.6942738971766144,0.7419999999999999,0.77,0.7388000000000006,0.7968218326568604,0.6946095900637527,0.6437662337662335,0.7657350077277651
0.95,0.6867340280266512,0.9359999999999999,0.9,0.9440000000000007,0.9443510174751282,0.8753353136690556,0.6598697916666675,0.9944332012095205
0.99,0.857849515551317,0.9979999999999999,0.99,0.9769999999999992,1.0118287801742554,0.9705083434251444,0.8005737704918031,1.0985345203612347
0.87,0.7112598688574157,0.8719999999999999,0.71,0.8108999999999998,0.7982413172721863,0.8288909312321353,0.7560543130990447,0.8558835945921297
0.33,0.317575803074021,0.29,0.29,0.29029999999999956,0.2616312503814697,0.292492794303327,0.34016129032258063,0.2446799742799911
0.07,0.06892303120651966,0.094,0.04,0.07759999999999995,0.07439924031496048,0.022910816172933914,0.20609589041095885,-0.023870529681475516
0.03,0.266796039760561,0.014000000000000002,0.01,0.025199999999999997,0.013506866060197353,0.07738387682233537,0.2055276381909547,-0.015755636089025915
0.93,0.5878917091197324,0.866,0.91,0.8968999999999987,0.9585197567939758,0.7637488475025621,0.7048732394366186,0.7956209003476633
0.59,0.39444446169255404,0.564,0.56,0.546453333333334,0.5512376427650452,0.3969210466552,0.40431211498973313,0.45993157822886527
0.04,0.20609543560707214,0.048,0.1,0.12124023809523804,0.01776549220085144,0.20675080680024516,0.3429729729729728,0.07424808854420203
0.67,0.7550588897870505,0.658,0.7,0.7066000000000011,0.6902000308036804,0.7454531459338917,0.7635238095238085,0.7411763459219318
0.15,0.40232933708933394,0.246,0.25,0.27710000000000024,0.10004293918609619,0.373005891608901,0.5500473933649288,0.4044186180765343
0.99,0.586582430501617,0.978,0.99,0.9469999999999996,0.9338304996490479,0.921876469616642,0.7405839416058397,0.9358832543856024
0.01,0.29820079676597755,0.036,0.06,0.02010000000000001,0.03519343212246895,0.05331596884427374,0.1768571428571429,0.008018145868557647
0.88,0.6724839618383787,0.9120000000000001,0.82,0.8436999999999992,0.8329026103019714,0.8326640264915072,0.658368794326241,0.9054248589958165
0.02,0.13573662474625764,0.03,0.030000000000000002,0.02999999999999995,0.031728241592645645,0.04622232101296037,0.2298029556650247,0.030801102634231248
0.3,0.5544009434560117,0.296,0.33,0.3787999999999995,0.22046563029289246,0.5283115504607307,0.6199026763990253,0.4751250576312358
0.07,0.3591287073477857,0.11400000000000002,0.11,0.09299999999999997,0.0643739104270935,0.19731247928536816,0.32166276346604206,0.25844837171317775
0.3,0.506657963699305,0.396,0.34,0.3678999999999999,0.24198542535305023,0.5457741686774173,0.6089983844911149,0.4751058998462826
0.48,0.28865644057757545,0.39,0.63,0.5511999999999998,0.5377475619316101,0.31585056988869153,0.3614999999999997,0.38813928984996243
0.32,0.3279574881127698,0.202,0.13,0.17309999999999998,0.26472529768943787,0.21066000701568574,0.23180327868852452,0.0928571080674582
0.54,0.34676818730153286,0.28800000000000003,0.11,0.2664000000000002,0.39708930253982544,0.33733355229947704,0.42445255474452515,0.3191143936153521
0.37,0.44175536307999347,0.266,0.24,0.2684999999999997,0.29697784781455994,0.2891461228507713,0.44334957369061845,0.2722107971211933
0.03,0.03362354430954123,0.027999999999999997,0.03,0.02999999999999995,0.02634074166417122,0.018188176125919445,0.24894736842105297,-0.055471662578901126
0.34,0.1806576171335379,0.266,0.37,0.3413000000000001,0.31332799792289734,0.3751024362260203,0.3767967145790554,0.27876487840593317
0.4,0.3540328304021127,0.278,0.5,0.45855000000000024,0.42500922083854675,0.44745259331975584,0.52496231155779,0.3700726373832671
0.72,0.5867094467699469,0.8320000000000001,0.7,0.7480000000000001,0.7382024526596069,0.7887070465457731,0.6839035087719292,0.711225415197276
0.95,0.7157174062295961,0.762,0.89,0.8801000000000003,0.8965480327606201,0.9262714101023635,0.8009832134292559,0.9864498658456677
0.01,0.3150056986013383,0.054000000000000006,0.07,0.06210000000000002,0.057423073798418045,0.10777942176943113,0.19202247191011232,0.05392109916842286
0.88,0.6116593651467523,0.72,0.86,0.8134999999999998,0.8463583588600159,0.8663406505703443,0.7560543130990447,0.8925059341289718
0.04,-0.10006782183168283,0.054000000000000006,0.06,0.06739999999999996,0.029187196865677834,0.09106711124192228,0.21579579579579589,0.06540996467359178
0.8,0.8529137683210923,0.766,0.78,0.8154999999999998,0.8189493417739868,0.824217977122804,0.7300387596899226,0.7302531727397947
0.0,0.5082983306023301,0.512,0.0,0.00015,0.07606951892375946,0.06465084514483697,0.18941176470588236,0.518477889724738
0.4,0.5583725719640316,0.63,0.5,0.6195000000000002,0.5559836626052856,0.7247078079070653,0.6199026763990253,0.7203288146646996
0.0,0.23436148550962546,0.01,0.0,0.0,0.0030060489661991596,-0.047617620338118775,0.1167914438502677,-0.14684892388690313
0.22,0.005083905969218316,0.242,0.16,0.22520000000000007,0.24192582070827484,0.19363436220592128,0.24934959349593502,0.1456797501164889
0.01,0.2250747499159966,0.09,0.0,0.01590000000000001,0.04171707481145859,0.08035646733322997,0.17774703557312244,0.10380546428256704
0.4,0.36137441203227616,0.238,0.14,0.2859000000000001,0.3871656358242035,0.25150835925373716,0.2755140186915886,0.2399482208365697
0.25,0.2672415407824946,0.166,0.27,0.27026000000000017,0.2771199941635132,0.297610049364611,0.3614999999999997,0.1469927441310051
0.35,0.3591775778183185,0.33999999999999997,0.38,0.3924000000000001,0.3813571333885193,0.36317862001202134,0.5412820512820512,0.28236666810760713
0.04,-0.11801220660863809,0.028000000000000004,0.04,0.03859999999999998,0.047621604055166245,0.01580976725566111,0.19186274509803916,-0.06323792947618251
0.87,1.0392176797716761,0.9139999999999999,0.84,0.8773000000000012,0.8513947129249573,0.8550473518279639,0.6437662337662335,0.9387835007256056
0.25,0.35193055217866975,0.136,0.33,0.31439999999999957,0.2951917350292206,0.3262214129686527,0.5650340136054419,0.2718541780650141
0.93,0.6486114793500961,0.77,0.91,0.8323999999999993,0.8520945906639099,0.8064070207560072,0.7124857142857145,0.7743764450256584
0.61,0.39528314431616596,0.404,0.48,0.43029999999999985,0.4824719727039337,0.5177837749545894,0.5500473933649288,0.4401475770327175
0.03,0.16448193996251276,0.03,0.03,0.03049999999999995,0.034425344318151474,0.0553671549817702,0.23412213740458038,0.06588396485579034
0.49,0.4640032234377612,0.422,0.49,0.5369999999999999,0.4139891266822815,0.5714006120766583,0.46788321167883207,0.4011233469011521
0.62,0.46952586576430455,0.732,0.52,0.5811000000000007,0.6996805667877197,0.615592091777809,0.562,0.8409514614411926
0.38,0.2375497223154911,0.31999999999999995,0.35,0.4727000000000004,0.4647371768951416,0.4165952645412358,0.5829847494553375,0.3118502852154746
0.84,0.4928373611554134,0.8480000000000001,0.88,0.8357999999999995,0.8352131247520447,0.7818703280161249,0.68547974413646,0.6982559023015769
0.86,0.5495838684300971,0.5879999999999999,0.89,0.7832000000000002,0.8733020424842834,0.7429128507449582,0.6408771929824566,0.6034845766600645
0.05,0.5389181002258489,0.554,0.06,0.3058999999999997,0.125497505068779,0.44452440648558117,0.39240963855421634,0.5318556845237206
0.85,0.8157481044287094,0.9120000000000001,0.79,0.8668999999999994,0.8778376579284668,0.8138457271564223,0.7124857142857145,0.8546625880959478
0.0,0.25900015428966927,0.11000000000000001,0.02,0.02729999999999999,0.0277207363396883,0.059728545082597125,0.16499999999999998,-0.02038964704331231
0.9,0.8814031598811731,0.876,0.79,0.8811999999999997,0.9050960540771484,0.8909693982216506,0.7570420168067254,0.9309745142125316
0.44,0.5029666556323881,0.398,0.49,0.536475,0.44609448313713074,0.6029383508143256,0.47998041136141073,0.4153048687711915
0.17,0.37443092310191584,0.166,0.18,0.24791666666666662,0.18662700057029724,0.239236426723562,0.2995918367346939,0.12422997060373425
0.05,0.34618076170085804,0.11000000000000001,0.06,0.08940000000000001,0.04310774430632591,0.15481319869938873,0.2298029556650247,0.12607729242894666
0.13,0.36148275828065146,0.162,0.14,0.17780000000000018,0.14891183376312256,0.2536929345281881,0.2995918367346939,0.240136807951837
0.9,0.7009563543672305,0.9039999999999999,0.89,0.8889,0.8982418775558472,0.9227425751257703,0.7635238095238085,1.0078131883358168
0.04,-0.0852272270632064,0.028000000000000004,0.07,0.06670000000000002,0.026757268235087395,0.09106711124192228,0.21579579579579589,0.055524554404140614
0.02,-0.14724941893168864,0.012,0.02,0.02075000000000001,0.0069146365858614445,0.014352626481088327,0.19186274509803916,-0.07218195293158275
0.22,0.051968888747573494,0.18000000000000002,0.15,0.17910000000000012,0.22309356927871704,0.1415647136888331,0.26580645161290306,0.14193111833121858
0.69,0.5428571206778271,0.6460000000000001,0.65,0.6599999999999997,0.6991329193115234,0.7456792890109697,0.6199026763990253,0.5683555231821237
0.26,0.44694564533344516,0.31199999999999994,0.34,0.30859999999999965,0.28182509541511536,0.5140401066176601,0.5829847494553375,0.49588999667053846
0.51,0.9207184300138784,0.734,0.47,0.6038999999999995,0.7095773220062256,0.5858763665755659,0.6089983844911149,0.6728382252626601
0.01,0.04303719632626801,0.016,0.02,0.01810833333333334,0.01604178361594677,-0.008883728183544482,0.17774703557312244,-0.07739037902665186
0.07,0.236078545102434,0.038,0.04,0.052999999999999964,0.05244230851531029,0.1196579261739364,0.21579579579579589,0.15677291340832994
0.85,0.7595520952890737,0.8039999999999999,0.9,0.8239000000000007,0.8961777687072754,0.8191737537393995,0.68547974413646,0.8484843891481384
0.69,0.4881003165632229,0.7579999999999999,0.72,0.6940999999999998,0.7015751600265503,0.6730284931857425,0.6299599198396798,0.6353146869166861
0.71,0.44098405795116635,0.5559999999999999,0.48,0.5220000000000001,0.7212162017822266,0.6195667155539656,0.5768187134502935,0.5697894593052228
0.17,0.3836215526652186,0.238,0.16,0.2175999999999999,0.24008482694625854,0.20744027255278555,0.21999999999999995,0.25524075657749623
0.32,0.2512909932381935,0.21000000000000002,0.36,0.37467999999999974,0.2717772424221039,0.4974634319860331,0.5325263157894736,0.2506394027858114
0.03,0.11583693132088252,0.266,0.06,0.07099999999999987,0.10273238271474838,0.07670690362392517,0.19979166666666656,0.20804471474812536
0.6,0.38194415493313355,0.5740000000000001,0.68,0.5049000000000003,0.6058037281036377,0.4984010051724805,0.5829847494553375,0.5382320404791461
0.97,0.8248648127409841,0.9120000000000001,0.96,0.9253333333333322,0.9070422649383545,0.9621275622113491,0.7635238095238085,1.022506122715922
0.44,0.34191283685144447,0.394,0.37,0.40669999999999995,0.398495614528656,0.5031920690615512,0.5650340136054419,0.3910140439906171
0.04,0.053967787582097415,0.052000000000000005,0.05,0.0505142857142857,0.030217114835977554,0.08307404657377668,0.26580645161290306,0.03167664106852369
0.93,0.5807365249472931,0.89,0.66,0.7958999999999995,0.8306567072868347,0.8415574001229832,0.6839035087719292,0.7185469888128246
0.99,1.0842236303146837,0.9019999999999999,0.99,0.953199999999999,0.9806035161018372,0.96321986967622,0.6906271777003476,0.9479730067289789
0.2,0.3244251557293699,0.278,0.25,0.29539999999999994,0.2864973843097687,0.2696865003669738,0.24934959349593502,0.2849863172889981
0.23,0.4383686896008812,0.268,0.22,0.2589999999999997,0.24038298428058624,0.2891461228507713,0.44334957369061845,0.26580594003731034
0.47,0.37466866800877396,0.398,0.44,0.4106,0.42009198665618896,0.41027537464199226,0.5325263157894736,0.38264761410114606
0.53,0.5212337224496449,0.512,0.43,0.39120000000000027,0.44411730766296387,0.44529754240836183,0.46555555555555533,0.5552198057671297
0.09,-0.07019870092151093,0.084,0.1,0.07439999999999998,0.07544556260108948,0.09055398665989695,0.2298029556650247,0.06952668906270035
0.67,0.5220771431625126,0.352,0.8,0.6821000000000003,0.6198070049285889,0.6807036786310388,0.6199026763990253,0.6258511565919023
0.73,0.3920701049204467,0.702,0.74,0.7208000000000002,0.7197534441947937,0.5997743696505612,0.6089983844911149,0.5083517963786887
0.7,0.4593896517094706,0.712,0.73,0.7164000000000001,0.6657747030258179,0.5804728658100108,0.6050181818181815,0.5160684958467249
0.94,0.8727796131507128,0.9359999999999999,0.87,0.9213000000000006,0.953372061252594,0.8994830586356225,0.8005737704918031,0.865536599799344
0.79,0.444868026485479,0.796,0.89,0.7729000000000006,0.8266962170600891,0.7057556535058392,0.6299599198396798,0.6178423258642736
0.05,0.17399705099005036,0.062,0.05,0.06639999999999997,0.05587734654545784,0.034029920266889724,0.22741935483870965,0.12060545226323649
0.0,0.4436943159168822,0.22400000000000003,0.0,0.0,0.012283195741474628,0.060521991739535874,0.1788617886178862,0.44905571364052455
0.04,0.2968348941615477,0.032,0.04,0.0391,0.023318735882639885,0.07918583023493515,0.21197802197802196,0.07224588856884967
0.9,0.7730925650952718,0.922,0.88,0.8896999999999992,0.8944677710533142,0.8326640264915072,0.658368794326241,1.0172955874410952
0.07,0.08320499990514801,0.064,0.07,0.06406666666666662,0.07158903777599335,0.08504431193037476,0.26580645161290306,0.05263002507864373
0.95,0.5574511692201667,0.946,0.96,0.9548999999999989,0.9707272052764893,0.9177868796277079,0.7124857142857145,0.895887299599079
0.82,0.48468552909977514,0.778,0.84,0.806400000000001,0.7794005274772644,0.6192237860474568,0.6729861982434135,0.576736012021682
0.01,0.10052782675877836,0.022,0.03,0.026683333333333302,0.022582396864891052,-0.0014267669041231697,0.17820945945945937,-0.05030493384879825
0.32,0.5515006554366632,0.49799999999999994,0.4,0.3985999999999995,0.32547926902770996,0.5740858952517458,0.6301937984496128,0.5616110473937302
0.52,0.5807277726615538,0.55,0.69,0.4704999999999999,0.458539217710495,0.6266658035999344,0.5829847494553375,0.5202997447381041
0.71,0.7030504801240026,0.602,0.54,0.6636,0.7917707562446594,0.686760160774604,0.6199026763990253,0.6824892630330066
0.0,0.27431410367355696,0.188,0.0,0.0,-0.00795159675180912,0.04231658939792196,0.19979166666666656,0.1749848444090877
0.98,0.6386393963644272,0.868,0.95,0.9570000000000007,0.9580883383750916,0.9114556717316289,0.7560543130990447,0.9327685017971972
0.01,-0.09622227127040239,0.012,0.01,0.012066666666666675,0.014909746125340462,-0.014271404180585789,0.16378378378378394,-0.08006521948660872
0.34,0.37477877862611897,0.27,0.22,0.24579999999999977,0.3003888726234436,0.251778478912883,0.41891666666666694,0.2603023851257684
0.94,0.43886731454196704,0.5759999999999998,0.79,0.8139999999999995,0.8407325744628906,0.8529991758564242,0.7300387596899226,0.7190915271277457
0.42,0.33450343994808607,0.354,0.37,0.3663000000000002,0.35059961676597595,0.39007740075583214,0.52496231155779,0.2941247002455894
0.67,0.7665340960962457,0.678,0.65,0.6639999999999999,0.6811504364013672,0.728371184719029,0.6149999999999998,0.5760647038364448
0.29,0.4570065056591345,0.312,0.34,0.34640000000000015,0.3693370819091797,0.5476742635736498,0.6050181818181815,0.5212866442222466
0.65,0.5575329518254479,0.788,0.7,0.6954000000000007,0.6740224361419678,0.705305935680019,0.6301937984496128,0.6264804817956111
0.47,0.41525700083261796,0.404,0.48,0.40790000000000015,0.4808257222175598,0.5155991996801385,0.5424962178517395,0.4950678320685984
0.21,0.4318543548449112,0.26,0.05,0.2860999999999995,0.24143709242343903,0.39989370048961836,0.47998041136141073,0.45701923454317567
0.94,0.7612657040794937,0.8879999999999999,0.88,0.8403666666666662,0.8848706483840942,0.9686051385807729,0.7405839416058397,0.905233038000304
0.22,0.128686452934969,0.21000000000000002,0.23,0.21669999999999986,0.21693117916584015,0.18551692359723915,0.2866115702479338,0.17669568519411039
0.96,0.5336876995235892,0.716,0.99,0.8916,0.9973419308662415,0.8472138989650854,0.6408771929824566,0.8176802380057271
0.15,0.45318624851481676,0.198,0.16,0.18010000000000004,0.20260140299797058,0.28237078548587297,0.4195918367346939,0.25881366613632656
0.64,0.3801294035938645,0.6060000000000001,0.64,0.6650000000000003,0.7700363993644714,0.63601029605306,0.6093913043478271,0.4869720844704651
0.63,0.6341584472561728,0.638,0.46,0.5032000000000001,0.5433821082115173,0.6854790832499803,0.6729861982434135,0.6008910355884372
0.25,0.35310968159658257,0.398,0.14,0.19220000000000012,0.27517572045326233,0.21889018128707546,0.24934959349593502,0.3475120078146008
0.15,0.3395039557167814,0.156,0.15,0.16399999999999995,0.15721693634986877,0.12911183343259064,0.2341477272727273,0.10259880575685881
0.42,0.3533594311847551,0.41600000000000004,0.36,0.40959999999999996,0.4794200360774994,0.3920079347933718,0.5500473933649288,0.4676439965336787
0.96,0.7895793919127112,0.96,0.98,0.9188999999999994,0.936538577079773,0.8917988012238851,0.792376873661673,1.051590634612583
0.29,0.4852766302949976,0.344,0.24,0.40179499999999996,0.29693976044654846,0.5208900144324298,0.5768187134502935,0.4713549818813586
0.07,0.3112245883521132,0.08600000000000001,0.11,0.19639999999999994,0.05599227547645569,0.2820361060265402,0.29933649289099545,0.22875856821734242
0.41,0.5988230658620756,0.324,0.25,0.4277000000000001,0.432780921459198,0.422211130121166,0.46555555555555533,0.4294808199842319
0.95,0.4407007423578491,0.5660000000000001,0.78,0.5364000000000001,0.7629273533821106,0.6217512908284165,0.5829847494553375,0.5707157490723336
0.48,0.30623729284661305,0.276,0.32,0.26749999999999996,0.3007664382457733,0.21919745814160085,0.26580645161290306,0.2257064368505432
0.13,0.02156161896518144,0.154,0.17,0.163,0.1472739279270172,0.10370868934955482,0.24425149700598806,0.12113406514528263
0.01,0.3471910817028029,0.057999999999999996,0.03,0.07170000000000006,-0.001740021863952279,0.09356856295581237,0.16182795698924754,0.1978228129315446
0.87,0.49895445275508743,0.8620000000000001,0.91,0.8141000000000002,0.8421589732170105,0.7379249452842538,0.6598697916666675,0.7931862110576156
0.82,0.6283744334461863,0.828,0.8,0.805499999999999,0.8208630681037903,0.8151064766274976,0.7300387596899226,0.8192393728723102
0.2,0.349822011688348,0.21000000000000002,0.21,0.21710000000000018,0.2354297786951065,0.4194654678078115,0.551127819548872,0.25476713921002025
0.99,0.8668625198567053,0.97,0.9900000000000001,0.9879999999999987,0.9711076021194458,0.9243844814101213,0.7405839416058397,0.8492562037725959
1.07,0.569306255951757,0.9420000000000002,1.05,0.999099999999999,1.0176432132720947,0.7938171334086531,0.68547974413646,0.9077539252937779
0.8,0.9626712102236208,0.842,0.88,0.8046000000000002,0.7945206761360168,0.703600912528985,0.6486567164179101,0.7801622159244095
0.07,0.27890655496229655,0.098,0.11,0.09300000000000004,0.08220092207193375,0.12966432664513014,0.2298029556650247,0.16882243916375483
0.76,0.6056078802804221,0.488,0.87,0.7072999999999992,0.7722426652908325,0.6410802083940946,0.6093913043478271,0.4758083636658099
0.87,1.1032364677867894,0.898,0.88,0.8873000000000002,0.887850821018219,0.9387948653707139,0.8009832134292559,0.982952408744826
1.01,0.8969657127205726,0.998,1.0,0.9997,1.0117779970169067,0.9383020304172038,0.7560543130990447,0.9760209739808225
0.02,0.3034377246413854,0.026000000000000002,0.01,0.018700000000000012,0.018160121515393257,0.036452322304815044,0.1768571428571429,0.1534781944738242
0.0,0.2230476514488664,0.09,0.0,0.0,-0.0002954769879579544,0.02941110917941467,0.17774703557312244,0.09543141051884596
0.2,0.17586752260881477,0.252,0.29,0.2593999999999998,0.21603752672672272,0.15229957916903106,0.29861111111111116,0.17265013447188257
0.9,0.7443472498790167,0.922,0.88,0.8861999999999991,0.8944677710533142,0.8326640264915072,0.658368794326241,0.988942080868483
0.93,0.7337459539077208,0.8879999999999999,0.93,0.928999999999999,0.9361293911933899,0.8930186875208064,0.7159084604715684,0.8302764248431245
0.77,0.5640537055748746,0.438,0.68,0.7184999999999999,0.7517964243888855,0.8067881160234444,0.68547974413646,0.7491046638971774
0.13,0.22171427424903392,0.07,0.08,0.11170000000000005,0.10970078408718109,0.1590288707207823,0.3431661442006264,0.16279022803721324
0.25,0.2569346599218532,0.248,0.24,0.24129999999999988,0.25101950764656067,0.26980711493141285,0.3614999999999997,0.3029718720329516
0.01,0.3160281822980239,0.10200000000000001,0.06,0.04899999999999997,0.052989404648542404,0.14210263154484273,0.19202247191011232,0.06262211695425896
0.31,0.36101464328105276,0.398,0.39,0.3011000000000001,0.256839394569397,0.2690761567219059,0.42608695652173906,0.3604360316325075
0.86,0.8966066474498002,0.858,0.84,0.853299999999999,0.8491084575653076,0.8470543546094209,0.7300387596899226,0.8002879204428173
0.03,0.23542812896055168,0.07799999999999999,0.0,0.017900000000000006,0.04409455135464668,0.04903423652421969,0.19979166666666656,0.09069037343862552
0.56,0.7031336025997936,0.5740000000000001,0.39,0.6956000000000003,0.623299777507782,0.8075420282943794,0.68547974413646,0.8855131315888329
0.14,0.3825064318995893,0.174,0.17,0.18600000000000005,0.1529081165790558,0.29209996747177036,0.41891666666666694,0.31565619954407936
0.0,0.37757531537981637,0.084,0.0,0.0009,0.007939791306853294,0.042754162258633766,0.16,0.16511251808497387
0.47,0.3533425662929597,0.41600000000000004,0.36,0.40999999999999986,0.4867391884326935,0.3920079347933718,0.5500473933649288,0.46759891833763123
0.35,0.27074496631099054,0.20599999999999996,0.4,0.38599999999999995,0.3931022584438324,0.416181018157892,0.5743404255319152,0.32920299063820574
0.14,0.06426213363888444,0.13999999999999999,0.15,0.1544000000000002,0.1612091064453125,0.1415647136888331,0.21579579579579589,0.14162363409309908
0.56,0.19553822123636713,0.21000000000000002,0.37,0.5711999999999999,0.5899932980537415,0.5893566159913897,0.5888442211055277,0.2494423805112851
0.04,0.13423214756643426,0.032,0.04,0.03990000000000001,0.028179846704006195,0.07466893865857496,0.2659276018099548,0.006869577389095327
0.0,0.2110307896828271,0.018000000000000002,0.0,0.0,0.0054344297386705875,0.03593446768203525,0.13948717948717956,0.08797661215356445
0.88,0.6721079577461992,0.874,0.93,0.9261,0.9164411425590515,0.8866357825418137,0.6598697916666675,0.944072149268441
0.05,-0.015325267834322809,0.242,0.07,0.09939999999999997,0.105026014149189,0.08514349478997879,0.19979166666666656,0.1244195811492867
0.86,0.6063059466168965,0.9019999999999999,0.87,0.9097,0.903806209564209,0.8432561971271977,0.7048732394366186,0.8202762054142383
0.67,0.7106515580698316,0.51,0.76,0.6096200000000003,0.7484176158905029,0.5750788452164344,0.47998041136141073,0.574683804113856
0.05,0.2889122009361722,0.072,0.01,0.023066666666666676,0.023404810577630997,0.044922469616527745,0.2014563106796116,-0.018642336966625372
0.19,0.15853304597063728,0.22600000000000003,0.18,0.20619999999999986,0.19566111266613007,0.18551692359723915,0.3059003831417621,0.19024052031899474
0.0,0.21185390858517716,0.018,0.0,0.0,-0.04119536653161049,-0.018298058966316682,0.17774703557312244,0.014811555247427444
0.76,0.5857718177173303,0.732,0.69,0.6958,0.8270729780197144,0.7129045996813388,0.6839035087719292,0.703372835488115
0.88,0.4997768195883091,0.768,0.81,0.8489,0.8586858510971069,0.6192237860474568,0.6729861982434135,0.6115087110154076
0.3,0.4021864744291228,0.244,0.24,0.25749999999999984,0.31566330790519714,0.3401233582893861,0.41891666666666694,0.3690204003221516
1.0,0.5796541455269955,0.8119999999999999,0.83,0.8104999999999997,0.8924109935760498,0.7381342098008872,0.6729861982434135,0.8402409951849161
0.35,0.4029328414618913,0.22200000000000003,0.4,0.3066999999999995,0.30970150232315063,0.3732948943346381,0.41891666666666694,0.3742968863268311
0.53,0.57137632555518,0.53,0.52,0.5505000000000004,0.5303175449371338,0.630517157065417,0.6093913043478271,0.4571260223021444
0.03,-0.061013473282923225,0.038,0.030000000000000002,0.030749999999999948,0.02675650082528591,0.018682190445353738,0.1933740831295843,-0.045293982516146636
1.01,0.5882777400918721,0.8119999999999999,0.84,0.8218999999999997,0.868946373462677,0.7381342098008872,0.6729861982434135,0.8571410240457094
0.74,0.5966655684495269,0.754,0.37,0.7454000000000001,0.7598064541816711,0.7844917556598495,0.6408771929824566,0.7105291502475792
0.98,0.6157872942173692,0.9780000000000001,0.98,0.9751000000000003,0.9824073314666748,0.9177868796277079,0.7124857142857145,0.9798851255457621
0.85,0.46027974531832033,0.9040000000000001,0.24,0.6812999999999999,0.7862427234649658,0.5857628854965169,0.5829847494553375,0.5197391597463309
0.1,0.3717766460429379,0.11400000000000002,0.11,0.12769999999999992,0.10476462543010712,0.2807758938993722,0.40431211498973313,0.2941436326262028
0.55,0.38181729324884767,0.5740000000000001,0.68,0.5007000000000003,0.5984845161437988,0.4984010051724805,0.5829847494553375,0.5379267224598818
0.03,0.4122162677114144,0.082,0.05,0.05359999999999994,0.06780580431222916,0.08243074330358746,0.19202247191011232,0.21284610180827335
0.56,0.5003297745451001,0.6719999999999999,0.51,0.5900999999999993,0.5383942723274231,0.5975670609231628,0.5424962178517395,0.4531453469970158
0.79,0.5143533750123004,0.656,0.51,0.6122999999999995,0.7395142316818237,0.6707814274142418,0.6199026763990253,0.6423377259239633
0.99,0.5658563942231931,0.8119999999999999,0.78,0.8045000000000003,0.8914385437965393,0.7319446938720359,0.6729861982434135,0.812302884329358
0.06,0.3201177355708442,0.082,0.13,0.195,0.06600676476955414,0.26055780755687974,0.3704838709677426,0.22866045200183754
0.68,0.6003030489910202,0.5319999999999999,0.73,0.7402999999999994,0.7557711601257324,0.7060646295253352,0.6319354838709674,0.5862162976179581
0.76,0.560489640437653,0.774,0.78,0.7803000000000001,0.7694437503814697,0.7069417272510226,0.6906271777003476,0.7550224426782965
0.91,0.7012595279067237,0.954,0.96,0.9446999999999991,0.9428261518478394,0.9173327916145332,0.7300387596899226,1.0081013284447298
0.0,0.2844566770776527,0.054000000000000006,0.02,0.017900000000000013,0.039006102830171585,0.036216323766551116,0.1768571428571429,-0.0293528669782534
0.76,0.5862480161896132,0.808,0.74,0.8121999999999996,0.8183889389038086,0.7466113111187566,0.6486567164179101,0.7851667650234593
0.01,0.25115757712006404,0.008,0.01,0.011900000000000008,0.014988594688475132,0.05090057867395468,0.1768571428571429,-0.05365580720733182
0.81,0.6449187100828635,0.908,0.88,0.8294000000000004,0.7956033945083618,0.8307169001405404,0.6598697916666675,0.8701569695498319
0.32,0.23136388446472092,0.126,0.25,0.32719999999999994,0.3181975781917572,0.2765135882282233,0.34016129032258063,0.24885896599755178
0.83,0.6446049635114384,0.7179999999999999,0.71,0.7431999999999991,0.7748816013336182,0.7068753649080401,0.6299599198396798,0.6518074213452687
0.35,0.3870705654799894,0.378,0.15,0.22160000000000024,0.3160911202430725,0.35013523262710095,0.31181818181818177,0.4645968654114177
0.26,0.45554752086515155,0.344,0.2,0.38101000000000007,0.3012945055961609,0.48911344078291746,0.5829847494553375,0.4366909672757958
0.03,0.2729997180563093,0.016,0.01,0.011100000000000007,0.013650678098201752,0.14845806426084066,0.2659276018099548,0.1241050240666968
0.89,0.444704922488581,0.966,0.72,0.7505999999999993,0.8357779383659363,0.8285717522402956,0.6839035087719292,0.6323836791223143
0.05,0.11755909752260407,0.046,0.05,0.046199999999999956,0.006929086986929178,-0.0373349955548282,0.19186274509803916,0.032918125607715676
0.67,0.6566210008028563,0.818,0.8,0.7323999999999993,0.6086956262588501,0.7099815338163932,0.6680409356725143,0.6957426838210996
0.02,0.020755363881236943,0.016,0.02,0.019600000000000013,0.015456908382475376,0.031165493070091723,0.1933740831295843,-0.07300060491170446
0.72,0.7606728838073176,0.754,0.83,0.7837499999999991,0.7082358002662659,0.7497122108339073,0.6773285198555948,0.771655852442073
0.88,0.5445061211651064,0.8539999999999999,0.66,0.7373999999999999,0.7533740997314453,0.7424076135414291,0.6299599198396798,0.7462460765162753
0.2,0.38903599284934387,0.278,0.31,0.24669999999999984,0.21904972195625305,0.1789174318649055,0.29933649289099545,0.2300943337050757
0.69,0.5565517905768536,0.6699999999999999,0.66,0.7113999999999993,0.7275004982948303,0.7291281742754365,0.6301937984496128,0.6412470381249101
0.04,0.30174503327256447,0.024,0.02,0.027815000000000003,0.04881647229194641,0.15196328093820144,0.2659276018099548,0.16590762798747963
0.13,-0.023188436860553274,0.156,0.15,0.15630000000000016,0.1339738368988037,0.13229397184423164,0.21090566037735847,0.1003902779984826
0.28,0.14336547411886397,0.21000000000000002,0.13,0.21453333333333352,0.22346092760562897,0.23276695022081734,0.2684000000000004,0.13743752313091748
0.8,0.7230192123928695,0.742,0.77,0.7429000000000007,0.7906015515327454,0.6946095900637527,0.6437662337662335,0.7965254646923001
0.43,0.5945649966455683,0.488,0.36,0.48099999999999954,0.42465740442276,0.5911855403294685,0.6301937984496128,0.6607253815720002
1.01,0.7439463210028625,0.954,1.0,0.9924,0.9900043606758118,0.9177129930555066,0.7405839416058397,1.1004013052290378
0.0,0.28408973452273245,0.074,0.05,0.03969999999999995,0.03882724046707153,0.04430094373403148,0.1788617886178862,0.09948795666419447
0.39,0.5055699628600799,0.264,0.28,0.2714000000000001,0.3051336705684662,0.2678481366448002,0.4553276955602523,0.28121015623228995
0.0,-0.10361050722404563,0.074,0.0,0.0013,0.008890305645763874,-0.001772706285205129,0.1167914438502677,0.03335689088329641
0.02,-0.18196631981237243,0.012,0.01,0.013050000000000006,0.015940528362989426,-0.031105325284230996,0.15923076923076918,-0.06144142278816517
0.91,0.7180035570242358,0.898,0.89,0.8810999999999991,0.8506924510002136,0.8689331524474884,0.7560543130990447,0.9714157705878017
0.87,0.6531641827452656,0.6380000000000001,0.86,0.7959,0.8015167713165283,0.8688439743058751,0.7570420168067254,0.8960501237339356
0.08,0.2538888717851483,0.034,0.07,0.08900000000000005,0.06123396009206772,0.08822031877344301,0.21197802197802196,0.10407208949549374
0.83,0.8674301525053012,0.796,0.78,0.8164999999999997,0.8332374691963196,0.824217977122804,0.7300387596899226,0.7542096064085481
0.02,0.24153305310974296,0.118,0.0,0.01390000000000001,0.019413640722632408,0.041314665925004886,0.2055276381909547,0.09420862641474781
0.54,0.35756516278551265,0.37,0.44,0.37860000000000005,0.44630399346351624,0.28895476675438875,0.29933649289099545,0.16740323571720636
0.78,0.9266384064193969,0.844,0.81,0.8097000000000005,0.78874272108078,0.8393927562138609,0.7560543130990447,0.881599064145224
0.91,0.6285335909338986,0.7779999999999999,0.89,0.8041999999999997,0.9321415424346924,0.8889100658464718,0.6729861982434135,0.7599056784521502
0.0,0.4555843878844208,0.732,0.0,0.002316666666666667,0.0217865239828825,0.11997387162215392,0.19979166666666656,0.8210983425047531
0.0,0.14930160460158776,0.22800000000000004,0.0,0.0001,-0.01768571510910988,0.00145196423490243,0.17524861878453046,0.21403332517612048
0.04,0.1198594899583067,0.031999999999999994,0.04,0.039200000000000006,0.02561788819730282,0.07466893865857496,0.2659276018099548,-0.004396117385489562
0.63,0.6803931366752822,0.6839999999999999,0.67,0.7125000000000012,0.6642585396766663,0.6946095900637527,0.6437662337662335,0.7263957750654391
0.95,0.9308451498875481,0.938,0.98,0.9598000000000004,0.961470365524292,0.8994830586356225,0.8005737704918031,0.9046701916289865
0.92,0.8959830007971958,0.8560000000000001,0.85,0.8724999999999998,0.8236485123634338,0.8114158315959581,0.6437662337662335,0.9071204878387156
0.67,0.541173046936157,0.6199999999999999,0.63,0.6637000000000005,0.6666368842124939,0.6457270634096824,0.6199026763990253,0.5967620314795438
0.03,-0.038239743731096676,0.016,0.03,0.026899999999999983,0.0031847706995904446,0.0022184778843555796,0.1933740831295843,-0.07604713181628253
0.82,0.6708797541212623,0.692,0.91,0.8329,0.911729633808136,0.8377154015892463,0.7560543130990447,0.9005714307650647
0.71,0.38336457817271136,0.302,0.28,0.5025000000000002,0.5914913415908813,0.4900351137657644,0.5325263157894736,0.30468144927725505
0.11,0.5091427181119876,0.19,0.29,0.16459999999999986,0.0018114115810021758,0.18142695952457596,0.19979166666666656,0.353167052830418
0.0,0.32239670276084387,0.202,0.05,0.05239999999999993,0.04739123582839966,0.06147445127903501,0.19979166666666656,0.2014283749159706
0.23,0.5850253145582731,0.24,0.29,0.21739999999999984,0.00962608028203249,0.18990248433459922,0.1788617886178862,0.3963935604201353
0.4,0.5237564832071457,0.356,0.47,0.5176,0.42749184370040894,0.5443950990125336,0.46788321167883207,0.3803896092613154
0.03,0.12136396713813002,0.027999999999999997,0.030000000000000002,0.029724999999999953,0.03070876933634281,0.035495057034357146,0.21090566037735847,0.014616588948654918
0.22,0.13217999188330581,0.21400000000000002,0.21,0.2141000000000003,0.19516338407993317,0.2837753635192903,0.3614999999999997,0.2270927621084014
0.8,0.3905509069767752,0.302,0.28,0.5893999999999998,0.7019255757331848,0.5273299699804084,0.5424962178517395,0.32565620150186114
0.41,0.45864187982933485,0.33,0.33,0.33863333333333323,0.3525388836860657,0.3974078944198078,0.3027950310559004,0.4974245541627289
0.2,0.2551849940958835,0.266,0.24,0.26477999999999957,0.24225057661533356,0.3885238338007086,0.426547619047617,0.27418680060670153
0.42,0.4407380875583912,0.386,0.21,0.41589999999999966,0.35974621772766113,0.4333626185702299,0.5424962178517395,0.37505185412648395
0.33,0.4825269094904268,0.23399999999999999,0.34,0.4147000000000001,0.34924718737602234,0.485828821676882,0.5412820512820512,0.2550698415753596
0.27,0.20889165329421716,0.182,0.215,0.31014499999999995,0.30684489011764526,0.3217511520656417,0.3027950310559004,0.20485730395466248
0.87,0.7079429230928995,0.85,0.91,0.8573000000000002,0.860982358455658,0.8229825894547955,0.7124857142857145,0.8274579456208544
0.31,0.46203693582197913,0.36,0.34,0.35860000000000014,0.3693370819091797,0.5527910268551061,0.6050181818181815,0.5338238579809216
0.09,-0.054277478416495106,0.088,0.06,0.07979999999999988,0.1057613343000412,0.09055398665989695,0.2298029556650247,0.07488462617976685
0.05,0.14137111821960074,0.046,0.05,0.05829999999999996,0.0355665385723114,0.018043437892860278,0.21579579579579589,0.0914341878253071
0.02,-0.0897587884991784,0.036000000000000004,0.03,0.023950000000000006,0.020764736458659172,0.018570277262063974,0.1933740831295843,-0.057098420132003
0.32,0.5089869732460247,0.268,0.31,0.28669999999999973,0.2912386357784271,0.2678481366448002,0.4553276955602523,0.27384005289033736
0.26,0.04690833960886953,0.242,0.19,0.29090000000000005,0.23287610709667206,0.2540742682645783,0.32166276346604206,0.18854522652038738
0.51,0.43506434313744374,0.524,0.4,0.6005999999999998,0.4993891417980194,0.5595075585155087,0.5942732558139547,0.5350477415706494
0.0,0.3342118288994972,0.11800000000000002,0.0,0.0,-0.0030777810607105494,-0.04611676181373106,0.17774703557312244,0.021268497243553897
0.02,-0.05261240133922429,0.014000000000000002,0.02,0.022500000000000006,0.019348634406924248,-0.006926356084454247,0.1933740831295843,-0.07780780116735247
0.03,0.2199761961084043,0.078,0.07,0.10161166666666671,0.019489655271172523,0.28408810411128,0.3431661442006264,0.10639774422841514
1.0,0.7446492334959384,0.9259999999999999,0.97,0.9625999999999993,0.9698048233985901,0.9278593384072266,0.7635238095238085,1.1072855055386321
0.26,0.3366427012750054,0.132,0.23,0.19970000000000002,0.2604982554912567,0.2734629348110849,0.2341477272727273,0.2641144617457966
0.16,0.24772878451974484,0.11000000000000001,0.17,0.17689999999999986,0.1251886487007141,0.18774006109125074,0.41891666666666694,0.18539644089289498
0.47,0.5858852335518907,0.5200000000000001,0.47,0.5560999999999993,0.5177097916603088,0.6732084494704971,0.6301937984496128,0.6006336600651433
0.95,0.6359627090185354,0.876,0.94,0.9116999999999994,0.9469310641288757,0.9000948728880208,0.7300387596899226,0.882118643788206
0.98,0.8181392105651528,0.876,0.96,0.9694999999999996,0.9750292301177979,0.8878757378092974,0.7159084604715684,0.8163986428883181
0.73,0.43876984663502505,0.74,0.72,0.7475999999999999,0.8029553294181824,0.6800957990488079,0.6301937984496128,0.6112606445227902
0.86,0.9931419105085322,0.866,0.8,0.8646999999999996,0.8520581126213074,0.9206662678566273,0.8005737704918031,0.999044704908999
0.07,0.3613518046785197,0.166,0.05,0.06649999999999993,0.06871994584798813,0.05999359520835545,0.19979166666666656,0.08538046517338155
0.0,0.3959720051977384,0.658,0.0,0.0,0.0019681646954268217,0.08194447254977577,0.19979166666666656,0.384913961523584
0.0,-0.043198749322497454,0.004,0.0,0.0,-0.001843634294345975,-0.055081125717508235,0.09577380952380946,-0.09006647577503951
0.34,0.37016625496090416,0.44800000000000006,0.37,0.39410000000000006,0.3932900130748749,0.5108036624973454,0.5768187134502935,0.4565265247274052
0.46,0.49393405130787993,0.394,0.42,0.39179999999999987,0.40545421838760376,0.393772555546181,0.5768187134502935,0.46884873465504207
0.03,0.2649380926651057,0.02,0.01,0.02859999999999997,0.0007370216189883649,0.06370446791401663,0.21197802197802196,-0.02376413348801032
0.39,0.6001934515023242,0.718,0.5,0.4876000000000004,0.5918138027191162,0.4504896361536126,0.39909090909090905,0.5705315148026759
0.76,0.6148798556818769,0.8620000000000001,0.76,0.7710000000000002,0.7677110433578491,0.8053694633792943,0.6839035087719292,0.7899964080802944
1.06,0.5325373874715358,1.0400000000000003,1.06,0.8318000000000008,0.9792442321777344,0.7831695461030689,0.8005737704918031,0.8838972410580601
0.82,0.7146865375396918,0.818,0.8,0.8321999999999989,0.8066588044166565,0.8144424358514407,0.6906271777003476,0.7623025017985006
0.74,0.5297865349895664,0.6819999999999999,0.72,0.8868999999999992,0.8440250754356384,0.8143707730968411,0.6981749049429662,0.7164880985175677
0.41,0.27664335100959814,0.32,0.46,0.5367000000000004,0.5344195365905762,0.46343157972551835,0.5829847494553375,0.3533545153891702
0.33,0.3200189531391529,0.272,0.22,0.2497999999999998,0.3004331588745117,0.258935535718762,0.38052631578947355,0.24797863157184946
0.68,0.7587957807651637,0.658,0.7,0.7133000000000009,0.6966215372085571,0.7454531459338917,0.7635238095238085,0.7462506771145736
0.38,0.33695383126004375,0.38,0.42,0.35434000000000054,0.4009379744529724,0.26834439519089054,0.3429729729729728,0.3455329622778885
0.42,0.4902900016510747,0.44800000000000006,0.45,0.45129999999999976,0.322984516620636,0.5603752955213527,0.6089983844911149,0.5647878546331945
0.55,0.5289769856112037,0.43,0.53,0.5343000000000006,0.5153133869171143,0.4610664522530771,0.5301739130434785,0.3863154859080178
0.1,-0.023332163436634523,0.156,0.15,0.15490000000000015,0.1339738368988037,0.13229397184423164,0.21090566037735847,0.1002633578548511
0.94,0.8727796131507128,0.9359999999999999,0.87,0.9213000000000006,0.953372061252594,0.8994830586356225,0.8005737704918031,0.865536599799344
0.58,0.4655352441184626,0.634,0.56,0.5823000000000005,0.5897238254547119,0.5666282175355805,0.606851851851852,0.5782505886093217
0.02,-0.13884834698798965,0.015999999999999997,0.02,0.019500000000000014,0.018735086545348167,-0.0191140927268765,0.17774703557312244,-0.07294346792776696
0.65,0.4129666290770196,0.722,0.59,0.5774000000000004,0.6236580610275269,0.5554672698744657,0.5939664218258118,0.6115315788436597
0.13,0.1406956303376583,0.11600000000000002,0.14,0.12390000000000001,0.1363745480775833,0.0817686397799373,0.2684000000000004,0.11158062700122962
0.11,-0.04502054319255422,0.092,0.06,0.10879999999999988,0.07717040926218033,0.09528476202289791,0.2298029556650247,0.0998437497453343
0.2,0.34843902018496137,0.05800000000000001,0.11,0.1139,0.1498323678970337,0.09245571956701479,0.1788617886178862,0.2015594375497531
0.71,0.2854714031878227,0.49800000000000005,0.63,0.6632000000000007,0.7137745022773743,0.6801781676721984,0.6299599198396798,0.5904355251138059
1.0,0.5151238590053321,0.992,1.0,0.9986999999999996,1.0206676721572876,0.904455110374484,0.7159084604715684,0.8458102062065767
0.33,0.32258117365191613,0.286,0.32,0.29357500000000014,0.30571478605270386,0.25733524420745724,0.3429729729729728,0.3182784568632658
0.85,0.5195705043065307,0.8480000000000001,0.9,0.8182999999999998,0.8736789226531982,0.7818703280161249,0.68547974413646,0.738052188978207
0.99,0.589893382791269,0.9460000000000001,1.0,0.955,1.0393202304840088,0.7928965232963862,0.7048732394366186,0.7947106778213858
0.0,-0.16113017943302088,0.02,0.0,0.0035000000000000005,0.006231637205928564,-0.03053711451214556,0.1297175141242938,-0.07025078017726011
0.08,0.34052777329025546,0.124,0.1,0.09479999999999991,0.0997958704829216,0.23011485132742673,0.32166276346604206,0.19832055594474812
0.7,0.5864013360533837,0.5940000000000001,0.83,0.7355999999999994,0.7369920015335083,0.7520466165855078,0.6613736263736257,0.6126629869884443
0.6,0.38588334145154535,0.368,0.2,0.5345000000000001,0.6056782007217407,0.5700690479497881,0.606851851851852,0.5068492777356342
0.92,0.9822992162902286,0.9099999999999999,0.91,0.8981999999999991,0.8771432638168335,0.8909693982216506,0.792376873661673,0.9024005104816766
0.03,0.24425440284005417,0.014000000000000002,0.01,0.011820000000000008,0.030800512060523033,0.061705605968146074,0.24894736842105297,0.08568209883597547
0.77,0.46550382142255076,0.488,0.75,0.5726999999999998,0.7078766226768494,0.5589011123451705,0.606851851851852,0.42611852363551944
0.19,0.08298140174112328,0.17,0.24,0.19120000000000004,0.19849565625190735,0.1520235149363814,0.26580645161290306,0.1543554931377565
0.02,0.48830902991732755,0.8539999999999999,0.02,0.07359999999999993,0.15344779193401337,0.15962165057831537,0.19979166666666656,0.5744801190680624
0.51,0.5518387308692174,0.536,0.67,0.47259999999999985,0.44593924283981323,0.6212446477661597,0.5829847494553375,0.4948849951815656
1.01,0.9826041835898646,1.004,1.01,1.0071000000000008,1.0234266519546509,1.0052245637139934,0.8046563192904657,1.1171428852471996
0.93,0.7652709120886607,0.8299999999999998,0.89,0.8398999999999998,0.8705604672431946,0.9252695171605336,0.8046563192904657,1.0068246375809224
0.85,0.6720830329622247,0.908,0.89,0.8773000000000002,0.830744743347168,0.9122160283330769,0.7300387596899226,0.9388157122518863
0.31,0.3898778747989418,0.302,0.28,0.4161000000000001,0.34805622696876526,0.5196902357093915,0.5424962178517395,0.32367090181512137
0.97,0.5585609892055509,0.932,0.97,0.9150999999999996,0.9576253890991211,0.7325841863674859,0.6906271777003476,0.7359737555076288
0.97,0.7002783666581294,0.9620000000000001,1.0,0.9764000000000007,0.9320682883262634,0.8866357825418137,0.6598697916666675,1.0075470930489852
0.02,-0.11850410371543352,0.03,0.02,0.021600000000000015,0.016545429825782776,0.013839501899063024,0.19186274509803916,-0.06602932963876534
0.04,-0.08926689139238297,0.038,0.04,0.041899999999999986,0.04674139991402626,0.021376509187212955,0.19186274509803916,-0.05525511530293087
0.65,0.5985652780524396,0.488,0.55,0.5532999999999992,0.6251829862594604,0.5602835534425067,0.5743404255319152,0.45857579546558225
0.37,0.36420800798116315,0.38,0.38,0.39680000000000004,0.3753630518913269,0.36317862001202134,0.5412820512820512,0.2971559269806199
0.63,0.3746116447607614,0.48,0.63,0.6092000000000002,0.7181833982467651,0.38040776252291697,0.3614999999999997,0.5643845700513409
0.01,-0.01445343410624228,0.01,0.01,0.01039333333333334,0.009758993051946163,-0.013101378964520126,0.17524861878453046,-0.08938631092961768
0.98,0.7801212964644635,0.9719999999999999,0.9700000000000001,0.9701999999999991,0.9876911044120789,0.9647855563953218,0.7570420168067254,0.9288382213966146
0.7,0.3953801600149047,0.43599999999999994,0.73,0.5960000000000002,0.6318424344062805,0.5419839637850491,0.5412820512820512,0.48929242532047496
0.73,0.8918182284725915,0.738,0.71,0.7270999999999994,0.6888101696968079,0.681751662773585,0.6486567164179101,0.8381777114207762
0.72,0.6171232744149902,0.778,0.79,0.7862999999999998,0.8033140897750854,0.7866378997724255,0.6486567164179101,0.7568088542111286
0.59,0.5311302935485978,0.39,0.67,0.6413000000000001,0.5992954969406128,0.6327147218017847,0.606851851851852,0.4427861817337937
0.18,0.38318547126892405,0.302,0.2,0.3116999999999999,0.22867684066295624,0.4854267430465896,0.5412820512820512,0.30402049742089804
0.03,0.18676377240754383,0.018,0.01,0.013776666666666675,0.008711668662726879,0.06110348086822784,0.23412213740458038,0.019722952220440626
0.03,-0.023867086122969117,0.017999999999999995,0.03,0.028799999999999968,0.009459600783884525,0.0022184778843555796,0.1933740831295843,-0.07351341751567142
0.77,0.7516939902444943,0.858,0.71,0.7435999999999998,0.7160999178886414,0.6940929817081717,0.6292182030338408,0.823488776198454
0.75,0.4431492100540875,0.792,0.75,0.7783000000000005,0.7960354089736938,0.7560603108990127,0.6301937984496128,0.6791349793542849
0.0,0.089388688610674,0.046,0.0,0.0006999999999999999,-0.006471344269812107,-0.10377450206453337,0.1297175141242938,0.009891910511528601
0.02,0.004386331986490577,0.018,0.02,0.017553333333333344,0.007069012615829706,0.010348706324711273,0.17820945945945937,-0.062236519423140624
0.84,0.8907103855612502,0.7499999999999999,0.96,0.8749000000000001,0.8519015312194824,0.9323833454416907,0.8143187066974631,0.8963764767916933
0.62,0.6206695054264295,0.32399999999999995,0.67,0.6868999999999995,0.6587648391723633,0.6410802083940946,0.6149999999999998,0.48120986263729143
0.0,0.04951994343554744,0.094,0.0,0.0,0.01211821660399437,-0.06992900135419348,0.1297175141242938,-0.04107004044126589
0.64,0.4102751553129403,0.65,0.68,0.5521,0.6609501838684082,0.5373319042597068,0.5939664218258118,0.6053295208715141
0.3,0.309640880726471,0.24200000000000005,0.33,0.32910000000000006,0.3410480320453644,0.365371530920304,0.3767967145790554,0.20549273968070275
0.4,0.4937674127527706,0.254,0.67,0.6598,0.5286123156547546,0.6142540162689383,0.589856630824375,0.4351979211888527
0.03,0.22130028388715664,0.02,0.09,0.063,-0.0023536132648587227,0.06005501445678201,0.2055276381909547,0.01735064178525897
0.01,0.36310554638501225,0.066,0.01,0.021000000000000008,0.025099696591496468,0.08706638089822288,0.16499999999999998,0.1290429292766423
0.01,0.24672197105261515,0.013999999999999999,0.01,0.027299999999999974,0.02549555152654648,0.030898266350403245,0.15923076923076918,-0.11641202641850712
0.05,0.2348407508233273,0.078,0.1,0.11465499999999991,0.05350267142057419,0.28408810411128,0.3774550128534706,0.10598446308112797
0.0,-0.007989951335018175,0.008,0.0,5e-05,-0.00229091034270823,-0.016614337821676865,0.1297175141242938,-0.0898652249873435
0.46,0.41925528662029177,0.43999999999999995,0.48,0.4651999999999997,0.4581848084926605,0.46405058200774857,0.589856630824375,0.454362530891103
0.78,0.48182318043139377,0.672,0.68,0.6875000000000001,0.760300874710083,0.7165680762692459,0.6299599198396798,0.6260256862165519
0.52,0.2641998699277939,0.314,0.45,0.4623000000000001,0.5849442481994629,0.5811273307329838,0.5325263157894736,0.5594154980228928
0.9,0.5978157681701495,0.64,0.79,0.7226000000000004,0.7982001900672913,0.6245374087320157,0.7522222222222221,0.655856367873658
0.05,-0.0030309457436174525,0.04,0.05000000000000001,0.04999999999999991,0.061608653515577316,0.040524553749364915,0.21090566037735847,-0.014410263012721192
0.11,0.35786752365769176,0.43600000000000005,0.28,0.19865000000000005,0.17913329601287842,0.20895228178240544,0.20609589041095885,0.36799858288297094
0.21,0.3927110188013599,0.21400000000000002,0.23,0.24419999999999994,0.20653244853019714,0.29209996747177036,0.41891666666666694,0.3436724006444056
0.24,0.44860743753524573,0.198,0.16,0.14350000000000007,0.10743357241153717,0.15741863065994202,0.21999999999999995,0.16695796908968852
0.15,0.3407920660192591,0.152,0.15,0.16324000000000016,0.1418450027704239,0.258935535718762,0.3429729729729728,0.24632668489423099
0.15,0.38192102720166293,0.148,0.17,0.16979999999999998,0.12828658521175385,0.2983167135396363,0.40431211498973313,0.3141035106969601
0.29,0.39303635293791467,0.2,0.33,0.2952999999999997,0.30720677971839905,0.3262214129686527,0.5650340136054419,0.30382624705390987
0.2,0.49591728240868516,0.39,0.19,0.18963999999999995,0.1583598405122757,0.16867226749681608,0.1788617886178862,0.3422673783281879
0.94,0.8019912001752975,0.8699999999999999,0.86,0.8516999999999999,0.8822261095046997,0.8841886212280274,0.7570420168067254,0.9502058279240497
0.58,0.4258927674626324,0.404,0.48,0.4560000000000002,0.5585300922393799,0.5155991996801385,0.5424962178517395,0.5262108411737043
0.56,0.5318721280112032,0.586,0.62,0.6195999999999998,0.6394755244255066,0.6684102799288495,0.6105021834061157,0.5416967001445532
0.14,0.006662589841965827,0.13199999999999998,0.14,0.14440000000000008,0.15684755146503448,0.10370868934955482,0.24425149700598806,0.11213458320300537
0.63,0.41595960727232584,0.5599999999999999,0.72,0.5018000000000005,0.5559238791465759,0.6348086473818169,0.6093913043478271,0.5498150209050493
0.11,0.34664198567292515,0.398,0.23,0.14300000000000013,0.18581824004650116,0.1700125623168202,0.23180327868852452,0.33690845467108277
1.02,1.1024721480416484,1.006,1.01,1.0081000000000016,1.0211596488952637,1.0052245637139934,0.817666666666667,1.0714057942827482
0.15,-0.004791435122149967,0.156,0.16,0.17739999999999997,0.22936853766441345,0.19363436220592128,0.3027950310559004,0.11654969874473917
0.22,0.32884903862694903,0.272,0.22,0.24259999999999982,0.2266674041748047,0.258935535718762,0.38052631578947355,0.24575890216510016
0.67,0.4568025733400076,0.712,0.73,0.6952999999999997,0.6657747030258179,0.5804728658100108,0.589856630824375,0.5097028811870312
0.08,-0.06025556025716944,0.08800000000000001,0.06,0.08539999999999993,0.07775221765041351,0.09612072859144881,0.2298029556650247,0.09044408591892275
0.0,0.27748635877048256,0.074,0.0,0.0,-0.007763892412185669,-0.020305611864323576,0.10225225225225221,-0.11297969869821373
0.93,0.5381710377738299,0.8019999999999999,0.72,0.7525166666666661,0.7663447856903076,0.7103171550256241,0.5942732558139547,0.7679003518860131
0.02,0.03512802148936456,0.02,0.02,0.019900000000000015,0.018227485939860344,0.030652368488066416,0.20230283911671917,-0.0632260526802833
0.65,0.743848216852711,0.658,0.64,0.6604000000000005,0.6565937399864197,0.7454531459338917,0.7560543130990447,0.7257327513822783
0.09,0.15562557394916393,0.22800000000000004,0.06,0.07539999999999993,0.1155065968632698,0.07463106754943055,0.1788617886178862,0.22116103839834478
0.01,-0.10699270439831743,0.018,0.01,0.011900000000000008,0.018512696027755737,0.02270613119831304,0.1768571428571429,0.04601568425874053
0.02,0.2165148658635851,0.018,0.02,0.015200000000000009,0.018844306468963623,0.04227793955079436,0.1933740831295843,0.10310464861383029
0.58,0.4425214401083375,0.552,0.55,0.5297999999999995,0.49268585443496704,0.5127739278539435,0.6105021834061157,0.5554260503037841
0.0,-0.12148308166779287,0.048,0.0,0.0,-0.0008981061982922256,-0.001772706285205129,0.15727272727272745,0.051748343966040944
0.13,0.3015734167111741,0.096,0.04,0.08959999999999996,0.13713397085666656,0.17670466376211427,0.20567164179104463,0.15662835173678685
0.46,0.49434810043670707,0.44400000000000006,0.49,0.46169999999999994,0.4327732026576996,0.5550493489531293,0.5829847494553375,0.43708982485014836
0.13,0.027755583314240384,0.132,0.17,0.15810000000000007,0.16999663412570953,0.10370868934955482,0.21579579579579589,0.12007124920581028
0.04,0.02522247236584224,0.05,0.04,0.038851666666666666,0.04031532257795334,0.04510785107923786,0.22973333333333323,0.007938141217418815
0.15,0.3388754177969786,0.158,0.18,0.16759999999999997,0.17182528972625732,0.12116382430585777,0.23180327868852452,0.10844318583433205
0.74,0.4379083188149458,0.492,0.71,0.5356999999999997,0.6015958786010742,0.4705758789286242,0.5500473933649288,0.362657387567463
0.05,-0.017403603351745067,0.038,0.05000000000000001,0.049399999999999916,0.053778331726789474,0.03137971978055507,0.21090566037735847,-0.023024188374898558
0.0,0.44458309340497004,0.198,0.0,0.0,-0.005336131900548935,0.009382281676209877,0.19979166666666656,0.1563502551892631
0.0,-0.03598010213178682,0.156,0.0,0.0009000000000000001,-0.016768380999565125,0.030392933752503508,0.17622448979591843,0.08906063429406147
0.0,0.1377799799472767,0.252,0.0,0.0009,-0.005980197805911303,-0.024133418876148616,0.19979166666666656,0.09757550491991557
0.01,0.2429976338741148,0.01,0.02,0.019533333333333347,-0.005411085672676563,0.04038916178426406,0.2055276381909547,-0.08213694598207694
0.55,0.4838696752757058,0.43,0.61,0.5392999999999997,0.5626096129417419,0.579678952657339,0.6299599198396798,0.5186364810623687
0.0,0.4875903970369212,0.8539999999999999,0.0,0.0,0.04785145819187164,0.09402305073814932,0.1788617886178862,0.5721997391486077
0.13,0.3855743973467404,0.11400000000000002,0.15,0.1743,0.15838900208473206,0.2807758938993722,0.40431211498973313,0.33258132041346666
0.02,0.04950067909749212,0.02,0.02,0.020200000000000013,0.0183212012052536,0.030652368488066416,0.20230283911671917,-0.052544789843048556
0.88,0.5016459265191667,0.89,0.91,0.8178000000000002,0.8572010397911072,0.7560603108990127,0.6598697916666675,0.798322694470857
0.89,0.4990813144393733,0.8620000000000001,0.91,0.8168000000000003,0.8470520973205566,0.7379249452842538,0.6598697916666675,0.7934300462198784
0.02,0.2097536256387325,0.026000000000000002,0.09,0.05219999999999996,-0.009867368265986443,0.06005501445678201,0.2055276381909547,-0.003327600032769329
0.0,0.2112138474403733,0.018,0.0,0.0,0.002946864115074277,0.017799102067276196,0.13948717948717956,0.08855055110905025
0.88,0.7984568395760976,0.914,0.87,0.901400000000001,0.9100071787834167,0.8887235898761399,0.7159084604715684,0.837819323762895
0.76,0.7560493296980416,0.7779999999999999,0.84,0.8011000000000014,0.8317381143569946,0.7214797899027856,0.7124857142857145,0.7611123622494431
0.86,1.010472364555421,0.914,0.84,0.8734000000000013,0.8459028601646423,0.8550473518279639,0.6437662337662335,0.940946253768121
0.13,0.32312826556452023,0.096,0.06,0.09629999999999996,0.09871219098567963,0.17452008848766337,0.21197802197802196,0.2147444883372615
0.55,0.6425209807154115,0.548,0.55,0.5519999999999992,0.5660232305526733,0.6327752239810577,0.6199026763990253,0.5734229834702211
0.69,0.40944962511444477,0.7020000000000001,0.71,0.7361,0.7907835245132446,0.6519632898734256,0.6199026763990253,0.5513271128915076
0.07,0.2929316020206168,0.21799999999999997,0.13,0.07779999999999986,0.09109407663345337,0.055101155048129215,0.19202247191011232,0.10483346109150088
0.15,0.375855415888779,0.33399999999999996,0.23,0.2622000000000002,0.19259078800678253,0.39176535784952876,0.5301739130434785,0.2825279460257341
0.24,0.20217483443488715,0.22599999999999998,0.24,0.23309999999999978,0.2206653505563736,0.26980711493141285,0.3767967145790554,0.27323793839003896
0.18,0.2490341155662653,0.13,0.23,0.14500000000000005,0.1720273196697235,0.12785681786909858,0.21579579579579589,0.08770503993463447
0.34,0.24140684130187656,0.252,0.34,0.36909999999999976,0.310473769903183,0.3718878274302602,0.5500473933649288,0.2984437802792149
0.28,0.50209752518018,0.39,0.22,0.28370000000000006,0.2669816017150879,0.31001248490390115,0.2341477272727273,0.3600692991762027
0.0,0.5921447632417727,0.718,0.0,0.0036450000000000007,0.03191544860601425,0.0665786635203388,0.19979166666666656,0.5552532620834476
1.03,0.8236959392945102,0.994,1.01,0.9721999999999995,1.0036565065383911,0.923917362769386,0.7430503144654089,0.9036329413063549
0.82,0.6770038707497663,0.8219999999999998,0.7,0.7877999999999996,0.8189491033554077,0.8820686749624259,0.7300387596899226,0.8980725268862475
0.38,0.3767122201002341,0.42000000000000004,0.41,0.3897,0.38121625781059265,0.35995294620543655,0.5412820512820512,0.3336448346330905
0.32,0.3247507406608017,0.22400000000000003,0.27,0.3012,0.315433144569397,0.2091887730576427,0.32,0.2186570783066678
0.31,0.47501115783689163,0.42400000000000004,0.3,0.6049000000000001,0.4931720495223999,0.6117232424848906,0.6093913043478271,0.5871504787166226
0.16,0.8179642986090947,0.302,0.16,0.1894,0.18439055979251862,0.4202308643865312,0.5298351648351646,0.2458407331023002
0.67,0.6902307277868969,0.818,0.8,0.7665999999999991,0.6267042756080627,0.7389527420744246,0.6647326203208545,0.7255058521518387
0.08,-0.03348565967394723,0.1,0.12,0.10139999999999992,0.08674518764019012,0.09528476202289791,0.2298029556650247,0.08823502464357821
0.27,0.3273681976579889,0.366,0.15,0.2267666666666667,0.2238515019416809,0.29527817507537396,0.3027950310559004,0.2812896725141925
0.63,0.49149047312014515,0.626,0.62,0.6324999999999992,0.7467672228813171,0.636954105621192,0.6105021834061157,0.5191102728509537
0.21,0.4231542323934683,0.166,0.33,0.3724,0.29991522431373596,0.43559270867954103,0.5412820512820512,0.2662110404244631
0.94,0.6435783685214169,0.908,0.93,0.9215000000000014,0.913396954536438,0.8489537663110056,0.6598697916666675,0.8684918177099632
0.01,0.2524338805460348,0.02,0.01,0.02829999999999998,0.028456730768084526,0.06421759249604195,0.2055276381909547,-0.06080116416666448
0.25,0.3163590339218647,0.21799999999999997,0.3,0.2971600000000003,0.1931500881910324,0.29799134323220616,0.2866115702479338,0.1331110300024251
0.1,0.28280996031933875,0.064,0.08,0.08250000000000006,0.10695689171552658,0.15073372754237058,0.24442622950819679,0.14210713379285053
1.01,0.9160722532868946,0.828,1.0,0.9765000000000005,0.9905867576599121,0.9459718072263911,0.8143187066974631,0.9754841322930661
0.21,0.2807704083799313,0.172,0.18,0.1945999999999999,0.22483882308006287,0.16306823129456566,0.23450000000000001,0.15365806187968045
0.3,0.3824134627834566,0.4680000000000001,0.25,0.38169999999999965,0.33462217450141907,0.34355610436117834,0.3767967145790554,0.22338282332193626
0.35,0.48686853710086936,0.254,0.67,0.5733000000000001,0.4684079885482788,0.5778059483316859,0.5888442211055277,0.4148685804333601
0.91,0.8159744230512456,0.9120000000000001,0.79,0.909199999999999,0.8984371423721313,0.8138457271564223,0.7124857142857145,0.8540196615649784
0.21,0.2771074712376898,0.258,0.2,0.2373,0.22765228152275085,0.178447939826701,0.32166276346604206,0.23239983979355783
0.26,0.2645995583383475,0.13999999999999999,0.24,0.23370000000000007,0.2174798548221588,0.26801339550541,0.34016129032258063,0.2081917012837955
0.78,0.31579771074097185,0.664,0.92,0.8102000000000004,0.8071148991584778,0.7748134242705509,0.6952475247524754,0.6335364577125497
0.01,-0.005546599541636499,0.008,0.01,0.009683333333333339,0.010063741356134415,-0.029119606728440675,0.13653846153846164,-0.08856935107222919
0.21,0.4600919624463562,0.16599999999999998,0.23,0.32180000000000014,0.20464245975017548,0.4935647056534713,0.606851851851852,0.3696501145348958
0.0,0.20096840399946655,0.028000000000000004,0.0,0.0,-0.005572338588535786,-0.035173872173261414,0.17774703557312244,-0.05365528668998032
0.04,0.010849814757714626,0.044000000000000004,0.04,0.036999999999999984,0.027396799996495247,0.0490130896403151,0.21090566037735847,-0.002809912206157228
0.06,0.06883234229702045,0.055999999999999994,0.07,0.06045595238095231,0.05873178690671921,0.08504431193037476,0.26580645161290306,0.039641938249623865
0.01,-0.02882609171436984,0.006,0.01,0.010550000000000009,0.013991225510835648,-0.025605736103899917,0.13948717948717956,-0.09015155034374617
